{"cameraMode":{"drawMode":0,"name":"Shaded","section":"Shading Mode"},"sceneLighting":true,"audioPlay":false,"sceneViewState":{"m_AlwaysRefresh":false,"showFog":true,"showSkybox":true,"showFlares":true,"showImageEffects":true,"showParticleSystems":true,"showVisualEffectGraphs":true,"m_FxEnabled":true},"in2DMode":false,"pivot":{"x":2.2587711811065676,"y":2.1928489208221437,"z":-1.5545859336853028},"rotation":{"x":-0.1375117301940918,"y":-0.07154127210378647,"z":0.010019758716225624,"w":-0.9879109859466553},"size":1.4196155071258546,"orthographic":false}