{"cameraMode":{"drawMode":0,"name":"Shaded","section":"Shading Mode"},"sceneLighting":true,"audioPlay":false,"sceneViewState":{"m_AlwaysRefresh":false,"showFog":true,"showSkybox":true,"showFlares":true,"showImageEffects":true,"showParticleSystems":true,"showVisualEffectGraphs":true,"m_FxEnabled":true},"in2DMode":false,"pivot":{"x":3.1504974365234377,"y":1.9310100078582764,"z":-0.6593762636184692},"rotation":{"x":-0.09167491644620896,"y":-0.015233727172017098,"z":0.001417778548784554,"w":-0.9957216382026672},"size":1.8803844451904297,"orthographic":false}